{"cameraMode":{"drawMode":0,"name":"Shaded","section":"Shading Mode"},"sceneLighting":true,"audioPlay":false,"sceneViewState":{"showFog":false,"showMaterialUpdate":false,"showSkybox":false,"showFlares":false,"showImageEffects":false,"showParticleSystems":false},"in2DMode":false,"pivot":{"x":-9.878161430358887,"y":-2.147836923599243,"z":15.9033203125},"rotation":{"x":0.2918583154678345,"y":0.3697790503501892,"z":-0.12356775999069214,"w":0.8733917474746704},"size":5.500138759613037,"orthographic":true}