{"cameraMode":{"drawMode":0,"name":"Shaded","section":"Shading Mode"},"sceneLighting":true,"audioPlay":false,"sceneViewState":{"showFog":true,"showMaterialUpdate":false,"showSkybox":true,"showFlares":true,"showImageEffects":true,"showParticleSystems":true},"in2DMode":false,"pivot":{"x":-10.770000457763672,"y":-3.440000057220459,"z":4.309999942779541},"rotation":{"x":0.0851193442940712,"y":-0.8807833790779114,"z":0.17341238260269166,"w":0.4323272109031677},"size":4.245224952697754,"orthographic":false}